Cancer id,Cancer label,Population id,Population,Sex,Type,Cases base in 2022,Year,Prediction,Change in number of cases,Change in number of cases due to population,Change in number of cases due to risk
"27,28,26",Penis; Prostate; Testis,12,Algeria,0,1,1364,2022,1364,0,0,0
"27,28,26",Penis; Prostate; Testis,12,Algeria,0,1,1364,2025,1190,-174,-12.7566,0
"27,28,26",Penis; Prostate; Testis,12,Algeria,0,1,1364,2030,1567,203,14.8827,0
"27,28,26",Penis; Prostate; Testis,12,Algeria,0,1,1364,2035,2107,743,54.4721,0
"27,28,26",Penis; Prostate; Testis,12,Algeria,0,1,1364,2040,2792,1428,104.6921,0
"27,28,26",Penis; Prostate; Testis,12,Algeria,0,1,1364,2045,3612,2248,164.8094,0
"27,28,26",Penis; Prostate; Testis,12,Algeria,0,1,1364,2050,4602,3238,237.39,0
"27,28,26",Penis; Prostate; Testis,24,Angola,0,1,1464,2022,1464,0,0,0
"27,28,26",Penis; Prostate; Testis,24,Angola,0,1,1464,2025,1867,403,27.5273,0
"27,28,26",Penis; Prostate; Testis,24,Angola,0,1,1464,2030,2302,838,57.2404,0
"27,28,26",Penis; Prostate; Testis,24,Angola,0,1,1464,2035,2815,1351,92.2814,0
"27,28,26",Penis; Prostate; Testis,24,Angola,0,1,1464,2040,3417,1953,133.4016,0
"27,28,26",Penis; Prostate; Testis,24,Angola,0,1,1464,2045,4140,2676,182.7869,0
"27,28,26",Penis; Prostate; Testis,24,Angola,0,1,1464,2050,5022,3558,243.0328,0
"27,28,26",Penis; Prostate; Testis,72,Botswana,0,1,90,2022,90,0,0,0
"27,28,26",Penis; Prostate; Testis,72,Botswana,0,1,90,2025,94,4,4.4444,0
"27,28,26",Penis; Prostate; Testis,72,Botswana,0,1,90,2030,116,26,28.8889,0
"27,28,26",Penis; Prostate; Testis,72,Botswana,0,1,90,2035,144,54,60,0
"27,28,26",Penis; Prostate; Testis,72,Botswana,0,1,90,2040,179,89,98.8889,0
"27,28,26",Penis; Prostate; Testis,72,Botswana,0,1,90,2045,219,129,143.3333,0
"27,28,26",Penis; Prostate; Testis,72,Botswana,0,1,90,2050,265,175,194.4444,0
"27,28,26",Penis; Prostate; Testis,108,Burundi,0,1,513,2022,513,0,0,0
"27,28,26",Penis; Prostate; Testis,108,Burundi,0,1,513,2025,559,46,8.9669,0
"27,28,26",Penis; Prostate; Testis,108,Burundi,0,1,513,2030,686,173,33.7232,0
"27,28,26",Penis; Prostate; Testis,108,Burundi,0,1,513,2035,845,332,64.7173,0
"27,28,26",Penis; Prostate; Testis,108,Burundi,0,1,513,2040,1065,552,107.6023,0
"27,28,26",Penis; Prostate; Testis,108,Burundi,0,1,513,2045,1371,858,167.2515,0
"27,28,26",Penis; Prostate; Testis,108,Burundi,0,1,513,2050,1762,1249,243.4698,0
"27,28,26",Penis; Prostate; Testis,120,Cameroon,0,1,1150,2022,1150,0,0,0
"27,28,26",Penis; Prostate; Testis,120,Cameroon,0,1,1150,2025,1279,129,11.2174,0
"27,28,26",Penis; Prostate; Testis,120,Cameroon,0,1,1150,2030,1556,406,35.3043,0
"27,28,26",Penis; Prostate; Testis,120,Cameroon,0,1,1150,2035,1914,764,66.4348,0
"27,28,26",Penis; Prostate; Testis,120,Cameroon,0,1,1150,2040,2374,1224,106.4348,0
"27,28,26",Penis; Prostate; Testis,120,Cameroon,0,1,1150,2045,2942,1792,155.8261,0
"27,28,26",Penis; Prostate; Testis,120,Cameroon,0,1,1150,2050,3623,2473,215.0435,0
"27,28,26",Penis; Prostate; Testis,132,Cape Verde,0,1,37,2022,37,0,0,0
"27,28,26",Penis; Prostate; Testis,132,Cape Verde,0,1,37,2025,43,6,16.2162,0
"27,28,26",Penis; Prostate; Testis,132,Cape Verde,0,1,37,2030,55,18,48.6486,0
"27,28,26",Penis; Prostate; Testis,132,Cape Verde,0,1,37,2035,74,37,100,0
"27,28,26",Penis; Prostate; Testis,132,Cape Verde,0,1,37,2040,101,64,172.973,0
"27,28,26",Penis; Prostate; Testis,132,Cape Verde,0,1,37,2045,134,97,262.1622,0
"27,28,26",Penis; Prostate; Testis,132,Cape Verde,0,1,37,2050,172,135,364.8649,0
"27,28,26",Penis; Prostate; Testis,140,Central African Republic,0,1,174,2022,174,0,0,0
"27,28,26",Penis; Prostate; Testis,140,Central African Republic,0,1,174,2025,214,40,22.9885,0
"27,28,26",Penis; Prostate; Testis,140,Central African Republic,0,1,174,2030,249,75,43.1034,0
"27,28,26",Penis; Prostate; Testis,140,Central African Republic,0,1,174,2035,277,103,59.1954,0
"27,28,26",Penis; Prostate; Testis,140,Central African Republic,0,1,174,2040,301,127,72.9885,0
"27,28,26",Penis; Prostate; Testis,140,Central African Republic,0,1,174,2045,331,157,90.2299,0
"27,28,26",Penis; Prostate; Testis,140,Central African Republic,0,1,174,2050,377,203,116.6667,0
"27,28,26",Penis; Prostate; Testis,148,Chad,0,1,1526,2022,1526,0,0,0
"27,28,26",Penis; Prostate; Testis,148,Chad,0,1,1526,2025,1511,-15,-0.983,0
"27,28,26",Penis; Prostate; Testis,148,Chad,0,1,1526,2030,1878,352,23.0668,0
"27,28,26",Penis; Prostate; Testis,148,Chad,0,1,1526,2035,2317,791,51.8349,0
"27,28,26",Penis; Prostate; Testis,148,Chad,0,1,1526,2040,2819,1293,84.7313,0
"27,28,26",Penis; Prostate; Testis,148,Chad,0,1,1526,2045,3375,1849,121.1664,0
"27,28,26",Penis; Prostate; Testis,148,Chad,0,1,1526,2050,4002,2476,162.2543,0
"27,28,26",Penis; Prostate; Testis,174,Comoros,0,1,39,2022,39,0,0,0
"27,28,26",Penis; Prostate; Testis,174,Comoros,0,1,39,2025,52,13,33.3333,0
"27,28,26",Penis; Prostate; Testis,174,Comoros,0,1,39,2030,61,22,56.4103,0
"27,28,26",Penis; Prostate; Testis,174,Comoros,0,1,39,2035,73,34,87.1795,0
"27,28,26",Penis; Prostate; Testis,174,Comoros,0,1,39,2040,86,47,120.5128,0
"27,28,26",Penis; Prostate; Testis,174,Comoros,0,1,39,2045,102,63,161.5385,0
"27,28,26",Penis; Prostate; Testis,174,Comoros,0,1,39,2050,119,80,205.1282,0
"27,28,26",Penis; Prostate; Testis,178,"Congo, Republic of",0,1,252,2022,252,0,0,0
"27,28,26",Penis; Prostate; Testis,178,"Congo, Republic of",0,1,252,2025,291,39,15.4762,0
"27,28,26",Penis; Prostate; Testis,178,"Congo, Republic of",0,1,252,2030,365,113,44.8413,0
"27,28,26",Penis; Prostate; Testis,178,"Congo, Republic of",0,1,252,2035,466,214,84.9206,0
"27,28,26",Penis; Prostate; Testis,178,"Congo, Republic of",0,1,252,2040,586,334,132.5397,0
"27,28,26",Penis; Prostate; Testis,178,"Congo, Republic of",0,1,252,2045,720,468,185.7143,0
"27,28,26",Penis; Prostate; Testis,178,"Congo, Republic of",0,1,252,2050,862,610,242.0635,0
"27,28,26",Penis; Prostate; Testis,180,"Congo, Democratic Republic of",0,1,4895,2022,4895,0,0,0
"27,28,26",Penis; Prostate; Testis,180,"Congo, Democratic Republic of",0,1,4895,2025,5168,273,5.5771,0
"27,28,26",Penis; Prostate; Testis,180,"Congo, Democratic Republic of",0,1,4895,2030,6190,1295,26.4556,0
"27,28,26",Penis; Prostate; Testis,180,"Congo, Democratic Republic of",0,1,4895,2035,7377,2482,50.7048,0
"27,28,26",Penis; Prostate; Testis,180,"Congo, Democratic Republic of",0,1,4895,2040,8775,3880,79.2646,0
"27,28,26",Penis; Prostate; Testis,180,"Congo, Democratic Republic of",0,1,4895,2045,10433,5538,113.1359,0
"27,28,26",Penis; Prostate; Testis,180,"Congo, Democratic Republic of",0,1,4895,2050,12442,7547,154.1777,0
"27,28,26",Penis; Prostate; Testis,204,Benin,0,1,618,2022,618,0,0,0
"27,28,26",Penis; Prostate; Testis,204,Benin,0,1,618,2025,678,60,9.7087,0
"27,28,26",Penis; Prostate; Testis,204,Benin,0,1,618,2030,829,211,34.1424,0
"27,28,26",Penis; Prostate; Testis,204,Benin,0,1,618,2035,1007,389,62.945,0
"27,28,26",Penis; Prostate; Testis,204,Benin,0,1,618,2040,1219,601,97.2492,0
"27,28,26",Penis; Prostate; Testis,204,Benin,0,1,618,2045,1464,846,136.8932,0
"27,28,26",Penis; Prostate; Testis,204,Benin,0,1,618,2050,1755,1137,183.9806,0
"27,28,26",Penis; Prostate; Testis,226,Equatorial Guinea,0,1,45,2022,45,0,0,0
"27,28,26",Penis; Prostate; Testis,226,Equatorial Guinea,0,1,45,2025,76,31,68.8889,0
"27,28,26",Penis; Prostate; Testis,226,Equatorial Guinea,0,1,45,2030,98,53,117.7778,0
"27,28,26",Penis; Prostate; Testis,226,Equatorial Guinea,0,1,45,2035,125,80,177.7778,0
"27,28,26",Penis; Prostate; Testis,226,Equatorial Guinea,0,1,45,2040,158,113,251.1111,0
"27,28,26",Penis; Prostate; Testis,226,Equatorial Guinea,0,1,45,2045,199,154,342.2222,0
"27,28,26",Penis; Prostate; Testis,226,Equatorial Guinea,0,1,45,2050,243,198,440,0
"27,28,26",Penis; Prostate; Testis,231,Ethiopia,0,1,1531,2022,1531,0,0,0
"27,28,26",Penis; Prostate; Testis,231,Ethiopia,0,1,1531,2025,1524,-7,-0.4572,0
"27,28,26",Penis; Prostate; Testis,231,Ethiopia,0,1,1531,2030,1865,334,21.8158,0
"27,28,26",Penis; Prostate; Testis,231,Ethiopia,0,1,1531,2035,2273,742,48.4651,0
"27,28,26",Penis; Prostate; Testis,231,Ethiopia,0,1,1531,2040,2772,1241,81.0581,0
"27,28,26",Penis; Prostate; Testis,231,Ethiopia,0,1,1531,2045,3382,1851,120.9014,0
"27,28,26",Penis; Prostate; Testis,231,Ethiopia,0,1,1531,2050,4146,2615,170.8034,0
"27,28,26",Penis; Prostate; Testis,232,Eritrea,0,1,74,2022,74,0,0,0
"27,28,26",Penis; Prostate; Testis,232,Eritrea,0,1,74,2025,72,-2,-2.7027,0
"27,28,26",Penis; Prostate; Testis,232,Eritrea,0,1,74,2030,84,10,13.5135,0
"27,28,26",Penis; Prostate; Testis,232,Eritrea,0,1,74,2035,98,24,32.4324,0
"27,28,26",Penis; Prostate; Testis,232,Eritrea,0,1,74,2040,117,43,58.1081,0
"27,28,26",Penis; Prostate; Testis,232,Eritrea,0,1,74,2045,140,66,89.1892,0
"27,28,26",Penis; Prostate; Testis,232,Eritrea,0,1,74,2050,167,93,125.6757,0
"27,28,26",Penis; Prostate; Testis,262,Djibouti,0,1,26,2022,26,0,0,0
"27,28,26",Penis; Prostate; Testis,262,Djibouti,0,1,26,2025,26,0,0,0
"27,28,26",Penis; Prostate; Testis,262,Djibouti,0,1,26,2030,32,6,23.0769,0
"27,28,26",Penis; Prostate; Testis,262,Djibouti,0,1,26,2035,39,13,50,0
"27,28,26",Penis; Prostate; Testis,262,Djibouti,0,1,26,2040,48,22,84.6154,0
"27,28,26",Penis; Prostate; Testis,262,Djibouti,0,1,26,2045,57,31,119.2308,0
"27,28,26",Penis; Prostate; Testis,262,Djibouti,0,1,26,2050,66,40,153.8462,0
"27,28,26",Penis; Prostate; Testis,266,Gabon,0,1,70,2022,70,0,0,0
"27,28,26",Penis; Prostate; Testis,266,Gabon,0,1,70,2025,89,19,27.1429,0
"27,28,26",Penis; Prostate; Testis,266,Gabon,0,1,70,2030,107,37,52.8571,0
"27,28,26",Penis; Prostate; Testis,266,Gabon,0,1,70,2035,131,61,87.1429,0
"27,28,26",Penis; Prostate; Testis,266,Gabon,0,1,70,2040,161,91,130,0
"27,28,26",Penis; Prostate; Testis,266,Gabon,0,1,70,2045,196,126,180,0
"27,28,26",Penis; Prostate; Testis,266,Gabon,0,1,70,2050,234,164,234.2857,0
"27,28,26",Penis; Prostate; Testis,270,The Republic of the Gambia,0,1,31,2022,31,0,0,0
"27,28,26",Penis; Prostate; Testis,270,The Republic of the Gambia,0,1,31,2025,36,5,16.129,0
"27,28,26",Penis; Prostate; Testis,270,The Republic of the Gambia,0,1,31,2030,45,14,45.1613,0
"27,28,26",Penis; Prostate; Testis,270,The Republic of the Gambia,0,1,31,2035,55,24,77.4194,0
"27,28,26",Penis; Prostate; Testis,270,The Republic of the Gambia,0,1,31,2040,69,38,122.5806,0
"27,28,26",Penis; Prostate; Testis,270,The Republic of the Gambia,0,1,31,2045,87,56,180.6452,0
"27,28,26",Penis; Prostate; Testis,270,The Republic of the Gambia,0,1,31,2050,105,74,238.7097,0
"27,28,26",Penis; Prostate; Testis,288,Ghana,0,1,1258,2022,1258,0,0,0
"27,28,26",Penis; Prostate; Testis,288,Ghana,0,1,1258,2025,1492,234,18.601,0
"27,28,26",Penis; Prostate; Testis,288,Ghana,0,1,1258,2030,1829,571,45.3895,0
"27,28,26",Penis; Prostate; Testis,288,Ghana,0,1,1258,2035,2246,988,78.5374,0
"27,28,26",Penis; Prostate; Testis,288,Ghana,0,1,1258,2040,2758,1500,119.2369,0
"27,28,26",Penis; Prostate; Testis,288,Ghana,0,1,1258,2045,3373,2115,168.124,0
"27,28,26",Penis; Prostate; Testis,288,Ghana,0,1,1258,2050,4085,2827,224.7218,0
"27,28,26",Penis; Prostate; Testis,324,Guinea,0,1,422,2022,422,0,0,0
"27,28,26",Penis; Prostate; Testis,324,Guinea,0,1,422,2025,587,165,39.0995,0
"27,28,26",Penis; Prostate; Testis,324,Guinea,0,1,422,2030,687,265,62.7962,0
"27,28,26",Penis; Prostate; Testis,324,Guinea,0,1,422,2035,813,391,92.654,0
"27,28,26",Penis; Prostate; Testis,324,Guinea,0,1,422,2040,960,538,127.4882,0
"27,28,26",Penis; Prostate; Testis,324,Guinea,0,1,422,2045,1131,709,168.0095,0
"27,28,26",Penis; Prostate; Testis,324,Guinea,0,1,422,2050,1351,929,220.1422,0
"27,28,26",Penis; Prostate; Testis,384,"CÃ´te d'Ivoire",0,1,2223,2022,2223,0,0,0
"27,28,26",Penis; Prostate; Testis,384,"CÃ´te d'Ivoire",0,1,2223,2025,2024,-199,-8.9519,0
"27,28,26",Penis; Prostate; Testis,384,"CÃ´te d'Ivoire",0,1,2223,2030,2465,242,10.8862,0
"27,28,26",Penis; Prostate; Testis,384,"CÃ´te d'Ivoire",0,1,2223,2035,3071,848,38.1466,0
"27,28,26",Penis; Prostate; Testis,384,"CÃ´te d'Ivoire",0,1,2223,2040,3845,1622,72.9645,0
"27,28,26",Penis; Prostate; Testis,384,"CÃ´te d'Ivoire",0,1,2223,2045,4730,2507,112.7755,0
"27,28,26",Penis; Prostate; Testis,384,"CÃ´te d'Ivoire",0,1,2223,2050,5676,3453,155.3306,0
"27,28,26",Penis; Prostate; Testis,404,Kenya,0,1,2062,2022,2062,0,0,0
"27,28,26",Penis; Prostate; Testis,404,Kenya,0,1,2062,2025,2686,624,30.2619,0
"27,28,26",Penis; Prostate; Testis,404,Kenya,0,1,2062,2030,3336,1274,61.7847,0
"27,28,26",Penis; Prostate; Testis,404,Kenya,0,1,2062,2035,4149,2087,101.2124,0
"27,28,26",Penis; Prostate; Testis,404,Kenya,0,1,2062,2040,5155,3093,150,0
"27,28,26",Penis; Prostate; Testis,404,Kenya,0,1,2062,2045,6407,4345,210.7177,0
"27,28,26",Penis; Prostate; Testis,404,Kenya,0,1,2062,2050,7841,5779,280.2619,0
"27,28,26",Penis; Prostate; Testis,426,Lesotho,0,1,113,2022,113,0,0,0
"27,28,26",Penis; Prostate; Testis,426,Lesotho,0,1,113,2025,115,2,1.7699,0
"27,28,26",Penis; Prostate; Testis,426,Lesotho,0,1,113,2030,125,12,10.6195,0
"27,28,26",Penis; Prostate; Testis,426,Lesotho,0,1,113,2035,140,27,23.8938,0
"27,28,26",Penis; Prostate; Testis,426,Lesotho,0,1,113,2040,157,44,38.9381,0
"27,28,26",Penis; Prostate; Testis,426,Lesotho,0,1,113,2045,179,66,58.4071,0
"27,28,26",Penis; Prostate; Testis,426,Lesotho,0,1,113,2050,205,92,81.4159,0
"27,28,26",Penis; Prostate; Testis,430,Liberia,0,1,259,2022,259,0,0,0
"27,28,26",Penis; Prostate; Testis,430,Liberia,0,1,259,2025,268,9,3.4749,0
"27,28,26",Penis; Prostate; Testis,430,Liberia,0,1,259,2030,312,53,20.4633,0
"27,28,26",Penis; Prostate; Testis,430,Liberia,0,1,259,2035,372,113,43.6293,0
"27,28,26",Penis; Prostate; Testis,430,Liberia,0,1,259,2040,450,191,73.7452,0
"27,28,26",Penis; Prostate; Testis,430,Liberia,0,1,259,2045,544,285,110.0386,0
"27,28,26",Penis; Prostate; Testis,430,Liberia,0,1,259,2050,649,390,150.5792,0
"27,28,26",Penis; Prostate; Testis,434,Libya,0,1,189,2022,189,0,0,0
"27,28,26",Penis; Prostate; Testis,434,Libya,0,1,189,2025,214,25,13.2275,0
"27,28,26",Penis; Prostate; Testis,434,Libya,0,1,189,2030,249,60,31.746,0
"27,28,26",Penis; Prostate; Testis,434,Libya,0,1,189,2035,318,129,68.254,0
"27,28,26",Penis; Prostate; Testis,434,Libya,0,1,189,2040,434,245,129.6296,0
"27,28,26",Penis; Prostate; Testis,434,Libya,0,1,189,2045,592,403,213.2275,0
"27,28,26",Penis; Prostate; Testis,434,Libya,0,1,189,2050,776,587,310.582,0
"27,28,26",Penis; Prostate; Testis,450,Madagascar,0,1,1418,2022,1418,0,0,0
"27,28,26",Penis; Prostate; Testis,450,Madagascar,0,1,1418,2025,1655,237,16.7137,0
"27,28,26",Penis; Prostate; Testis,450,Madagascar,0,1,1418,2030,2096,678,47.8138,0
"27,28,26",Penis; Prostate; Testis,450,Madagascar,0,1,1418,2035,2617,1199,84.5557,0
"27,28,26",Penis; Prostate; Testis,450,Madagascar,0,1,1418,2040,3205,1787,126.0226,0
"27,28,26",Penis; Prostate; Testis,450,Madagascar,0,1,1418,2045,3868,2450,172.7786,0
"27,28,26",Penis; Prostate; Testis,450,Madagascar,0,1,1418,2050,4629,3211,226.4457,0
"27,28,26",Penis; Prostate; Testis,454,Malawi,0,1,622,2022,622,0,0,0
"27,28,26",Penis; Prostate; Testis,454,Malawi,0,1,622,2025,673,51,8.1994,0
"27,28,26",Penis; Prostate; Testis,454,Malawi,0,1,622,2030,769,147,23.6334,0
"27,28,26",Penis; Prostate; Testis,454,Malawi,0,1,622,2035,926,304,48.8746,0
"27,28,26",Penis; Prostate; Testis,454,Malawi,0,1,622,2040,1152,530,85.209,0
"27,28,26",Penis; Prostate; Testis,454,Malawi,0,1,622,2045,1440,818,131.5113,0
"27,28,26",Penis; Prostate; Testis,454,Malawi,0,1,622,2050,1796,1174,188.746,0
"27,28,26",Penis; Prostate; Testis,466,Mali,0,1,439,2022,439,0,0,0
"27,28,26",Penis; Prostate; Testis,466,Mali,0,1,439,2025,490,51,11.6173,0
"27,28,26",Penis; Prostate; Testis,466,Mali,0,1,439,2030,569,130,29.6128,0
"27,28,26",Penis; Prostate; Testis,466,Mali,0,1,439,2035,681,242,55.1253,0
"27,28,26",Penis; Prostate; Testis,466,Mali,0,1,439,2040,844,405,92.2551,0
"27,28,26",Penis; Prostate; Testis,466,Mali,0,1,439,2045,1065,626,142.5968,0
"27,28,26",Penis; Prostate; Testis,466,Mali,0,1,439,2050,1341,902,205.467,0
"27,28,26",Penis; Prostate; Testis,478,Mauritania,0,1,149,2022,149,0,0,0
"27,28,26",Penis; Prostate; Testis,478,Mauritania,0,1,149,2025,163,14,9.396,0
"27,28,26",Penis; Prostate; Testis,478,Mauritania,0,1,149,2030,191,42,28.1879,0
"27,28,26",Penis; Prostate; Testis,478,Mauritania,0,1,149,2035,226,77,51.6779,0
"27,28,26",Penis; Prostate; Testis,478,Mauritania,0,1,149,2040,270,121,81.2081,0
"27,28,26",Penis; Prostate; Testis,478,Mauritania,0,1,149,2045,323,174,116.7785,0
"27,28,26",Penis; Prostate; Testis,478,Mauritania,0,1,149,2050,390,241,161.745,0
"27,28,26",Penis; Prostate; Testis,480,Mauritius,0,1,119,2022,119,0,0,0
"27,28,26",Penis; Prostate; Testis,480,Mauritius,0,1,119,2025,130,11,9.2437,0
"27,28,26",Penis; Prostate; Testis,480,Mauritius,0,1,119,2030,159,40,33.6134,0
"27,28,26",Penis; Prostate; Testis,480,Mauritius,0,1,119,2035,193,74,62.1849,0
"27,28,26",Penis; Prostate; Testis,480,Mauritius,0,1,119,2040,225,106,89.0756,0
"27,28,26",Penis; Prostate; Testis,480,Mauritius,0,1,119,2045,250,131,110.084,0
"27,28,26",Penis; Prostate; Testis,480,Mauritius,0,1,119,2050,270,151,126.8908,0
"27,28,26",Penis; Prostate; Testis,504,Morocco,0,1,2067,2022,2067,0,0,0
"27,28,26",Penis; Prostate; Testis,504,Morocco,0,1,2067,2025,2046,-21,-1.016,0
"27,28,26",Penis; Prostate; Testis,504,Morocco,0,1,2067,2030,2674,607,29.3662,0
"27,28,26",Penis; Prostate; Testis,504,Morocco,0,1,2067,2035,3483,1416,68.5051,0
"27,28,26",Penis; Prostate; Testis,504,Morocco,0,1,2067,2040,4383,2316,112.0464,0
"27,28,26",Penis; Prostate; Testis,504,Morocco,0,1,2067,2045,5293,3226,156.0716,0
"27,28,26",Penis; Prostate; Testis,504,Morocco,0,1,2067,2050,6279,4212,203.7736,0
"27,28,26",Penis; Prostate; Testis,508,Mozambique,0,1,1121,2022,1121,0,0,0
"27,28,26",Penis; Prostate; Testis,508,Mozambique,0,1,1121,2025,1183,62,5.5308,0
"27,28,26",Penis; Prostate; Testis,508,Mozambique,0,1,1121,2030,1431,310,27.6539,0
"27,28,26",Penis; Prostate; Testis,508,Mozambique,0,1,1121,2035,1747,626,55.843,0
"27,28,26",Penis; Prostate; Testis,508,Mozambique,0,1,1121,2040,2141,1020,90.9902,0
"27,28,26",Penis; Prostate; Testis,508,Mozambique,0,1,1121,2045,2623,1502,133.9875,0
"27,28,26",Penis; Prostate; Testis,508,Mozambique,0,1,1121,2050,3200,2079,185.4594,0
"27,28,26",Penis; Prostate; Testis,516,Namibia,0,1,151,2022,151,0,0,0
"27,28,26",Penis; Prostate; Testis,516,Namibia,0,1,151,2025,160,9,5.9603,0
"27,28,26",Penis; Prostate; Testis,516,Namibia,0,1,151,2030,195,44,29.1391,0
"27,28,26",Penis; Prostate; Testis,516,Namibia,0,1,151,2035,233,82,54.3046,0
"27,28,26",Penis; Prostate; Testis,516,Namibia,0,1,151,2040,275,124,82.1192,0
"27,28,26",Penis; Prostate; Testis,516,Namibia,0,1,151,2045,326,175,115.894,0
"27,28,26",Penis; Prostate; Testis,516,Namibia,0,1,151,2050,383,232,153.6424,0
"27,28,26",Penis; Prostate; Testis,562,Niger,0,1,195,2022,195,0,0,0
"27,28,26",Penis; Prostate; Testis,562,Niger,0,1,195,2025,195,0,0,0
"27,28,26",Penis; Prostate; Testis,562,Niger,0,1,195,2030,245,50,25.641,0
"27,28,26",Penis; Prostate; Testis,562,Niger,0,1,195,2035,302,107,54.8718,0
"27,28,26",Penis; Prostate; Testis,562,Niger,0,1,195,2040,370,175,89.7436,0
"27,28,26",Penis; Prostate; Testis,562,Niger,0,1,195,2045,447,252,129.2308,0
"27,28,26",Penis; Prostate; Testis,562,Niger,0,1,195,2050,544,349,178.9744,0
"27,28,26",Penis; Prostate; Testis,566,Nigeria,0,1,11945,2022,11945,0,0,0
"27,28,26",Penis; Prostate; Testis,566,Nigeria,0,1,11945,2025,14279,2334,19.5396,0
"27,28,26",Penis; Prostate; Testis,566,Nigeria,0,1,11945,2030,16620,4675,39.1377,0
"27,28,26",Penis; Prostate; Testis,566,Nigeria,0,1,11945,2035,19502,7557,63.265,0
"27,28,26",Penis; Prostate; Testis,566,Nigeria,0,1,11945,2040,23015,11070,92.6748,0
"27,28,26",Penis; Prostate; Testis,566,Nigeria,0,1,11945,2045,27178,15233,127.5262,0
"27,28,26",Penis; Prostate; Testis,566,Nigeria,0,1,11945,2050,31972,20027,167.6601,0
"27,28,26",Penis; Prostate; Testis,624,Guinea-Bissau,0,1,54,2022,54,0,0,0
"27,28,26",Penis; Prostate; Testis,624,Guinea-Bissau,0,1,54,2025,61,7,12.963,0
"27,28,26",Penis; Prostate; Testis,624,Guinea-Bissau,0,1,54,2030,72,18,33.3333,0
"27,28,26",Penis; Prostate; Testis,624,Guinea-Bissau,0,1,54,2035,88,34,62.963,0
"27,28,26",Penis; Prostate; Testis,624,Guinea-Bissau,0,1,54,2040,113,59,109.2593,0
"27,28,26",Penis; Prostate; Testis,624,Guinea-Bissau,0,1,54,2045,146,92,170.3704,0
"27,28,26",Penis; Prostate; Testis,624,Guinea-Bissau,0,1,54,2050,187,133,246.2963,0
"27,28,26",Penis; Prostate; Testis,638,"France, La RÃ©union",0,1,112,2022,112,0,0,0
"27,28,26",Penis; Prostate; Testis,638,"France, La RÃ©union",0,1,112,2025,137,25,22.3214,0
"27,28,26",Penis; Prostate; Testis,638,"France, La RÃ©union",0,1,112,2030,173,61,54.4643,0
"27,28,26",Penis; Prostate; Testis,638,"France, La RÃ©union",0,1,112,2035,215,103,91.9643,0
"27,28,26",Penis; Prostate; Testis,638,"France, La RÃ©union",0,1,112,2040,256,144,128.5714,0
"27,28,26",Penis; Prostate; Testis,638,"France, La RÃ©union",0,1,112,2045,288,176,157.1429,0
"27,28,26",Penis; Prostate; Testis,638,"France, La RÃ©union",0,1,112,2050,304,192,171.4286,0
"27,28,26",Penis; Prostate; Testis,646,Rwanda,0,1,681,2022,681,0,0,0
"27,28,26",Penis; Prostate; Testis,646,Rwanda,0,1,681,2025,713,32,4.699,0
"27,28,26",Penis; Prostate; Testis,646,Rwanda,0,1,681,2030,859,178,26.138,0
"27,28,26",Penis; Prostate; Testis,646,Rwanda,0,1,681,2035,1040,359,52.7166,0
"27,28,26",Penis; Prostate; Testis,646,Rwanda,0,1,681,2040,1271,590,86.6373,0
"27,28,26",Penis; Prostate; Testis,646,Rwanda,0,1,681,2045,1574,893,131.1307,0
"27,28,26",Penis; Prostate; Testis,646,Rwanda,0,1,681,2050,1972,1291,189.5742,0
"27,28,26",Penis; Prostate; Testis,678,Sao Tome and Principe,0,1,8,2022,8,0,0,0
"27,28,26",Penis; Prostate; Testis,678,Sao Tome and Principe,0,1,8,2025,11,3,37.5,0
"27,28,26",Penis; Prostate; Testis,678,Sao Tome and Principe,0,1,8,2030,12,4,50,0
"27,28,26",Penis; Prostate; Testis,678,Sao Tome and Principe,0,1,8,2035,14,6,75,0
"27,28,26",Penis; Prostate; Testis,678,Sao Tome and Principe,0,1,8,2040,17,9,112.5,0
"27,28,26",Penis; Prostate; Testis,678,Sao Tome and Principe,0,1,8,2045,19,11,137.5,0
"27,28,26",Penis; Prostate; Testis,678,Sao Tome and Principe,0,1,8,2050,22,14,175,0
"27,28,26",Penis; Prostate; Testis,686,Senegal,0,1,500,2022,500,0,0,0
"27,28,26",Penis; Prostate; Testis,686,Senegal,0,1,500,2025,517,17,3.4,0
"27,28,26",Penis; Prostate; Testis,686,Senegal,0,1,500,2030,622,122,24.4,0
"27,28,26",Penis; Prostate; Testis,686,Senegal,0,1,500,2035,769,269,53.8,0
"27,28,26",Penis; Prostate; Testis,686,Senegal,0,1,500,2040,979,479,95.8,0
"27,28,26",Penis; Prostate; Testis,686,Senegal,0,1,500,2045,1264,764,152.8,0
"27,28,26",Penis; Prostate; Testis,686,Senegal,0,1,500,2050,1639,1139,227.8,0
"27,28,26",Penis; Prostate; Testis,694,Sierra Leone,0,1,184,2022,184,0,0,0
"27,28,26",Penis; Prostate; Testis,694,Sierra Leone,0,1,184,2025,234,50,27.1739,0
"27,28,26",Penis; Prostate; Testis,694,Sierra Leone,0,1,184,2030,282,98,53.2609,0
"27,28,26",Penis; Prostate; Testis,694,Sierra Leone,0,1,184,2035,341,157,85.3261,0
"27,28,26",Penis; Prostate; Testis,694,Sierra Leone,0,1,184,2040,411,227,123.3696,0
"27,28,26",Penis; Prostate; Testis,694,Sierra Leone,0,1,184,2045,494,310,168.4783,0
"27,28,26",Penis; Prostate; Testis,694,Sierra Leone,0,1,184,2050,590,406,220.6522,0
"27,28,26",Penis; Prostate; Testis,706,Somalia,0,1,427,2022,427,0,0,0
"27,28,26",Penis; Prostate; Testis,706,Somalia,0,1,427,2025,391,-36,-8.4309,0
"27,28,26",Penis; Prostate; Testis,706,Somalia,0,1,427,2030,481,54,12.6464,0
"27,28,26",Penis; Prostate; Testis,706,Somalia,0,1,427,2035,583,156,36.534,0
"27,28,26",Penis; Prostate; Testis,706,Somalia,0,1,427,2040,697,270,63.2319,0
"27,28,26",Penis; Prostate; Testis,706,Somalia,0,1,427,2045,833,406,95.082,0
"27,28,26",Penis; Prostate; Testis,706,Somalia,0,1,427,2050,1000,573,134.192,0
"27,28,26",Penis; Prostate; Testis,710,South Africa,0,1,5524,2022,5524,0,0,0
"27,28,26",Penis; Prostate; Testis,710,South Africa,0,1,5524,2025,5903,379,6.861,0
"27,28,26",Penis; Prostate; Testis,710,South Africa,0,1,5524,2030,7292,1768,32.0058,0
"27,28,26",Penis; Prostate; Testis,710,South Africa,0,1,5524,2035,8866,3342,60.4996,0
"27,28,26",Penis; Prostate; Testis,710,South Africa,0,1,5524,2040,10591,5067,91.727,0
"27,28,26",Penis; Prostate; Testis,710,South Africa,0,1,5524,2045,12719,7195,130.2498,0
"27,28,26",Penis; Prostate; Testis,710,South Africa,0,1,5524,2050,15470,9946,180.0507,0
"27,28,26",Penis; Prostate; Testis,716,Zimbabwe,0,1,940,2022,940,0,0,0
"27,28,26",Penis; Prostate; Testis,716,Zimbabwe,0,1,940,2025,1225,285,30.3191,0
"27,28,26",Penis; Prostate; Testis,716,Zimbabwe,0,1,940,2030,1358,418,44.4681,0
"27,28,26",Penis; Prostate; Testis,716,Zimbabwe,0,1,940,2035,1496,556,59.1489,0
"27,28,26",Penis; Prostate; Testis,716,Zimbabwe,0,1,940,2040,1720,780,82.9787,0
"27,28,26",Penis; Prostate; Testis,716,Zimbabwe,0,1,940,2045,2101,1161,123.5106,0
"27,28,26",Penis; Prostate; Testis,716,Zimbabwe,0,1,940,2050,2644,1704,181.2766,0
"27,28,26",Penis; Prostate; Testis,728,South Sudan,0,1,388,2022,388,0,0,0
"27,28,26",Penis; Prostate; Testis,728,South Sudan,0,1,388,2025,300,-88,-22.6804,0
"27,28,26",Penis; Prostate; Testis,728,South Sudan,0,1,388,2030,375,-13,-3.3505,0
"27,28,26",Penis; Prostate; Testis,728,South Sudan,0,1,388,2035,468,80,20.6186,0
"27,28,26",Penis; Prostate; Testis,728,South Sudan,0,1,388,2040,572,184,47.4227,0
"27,28,26",Penis; Prostate; Testis,728,South Sudan,0,1,388,2045,678,290,74.7423,0
"27,28,26",Penis; Prostate; Testis,728,South Sudan,0,1,388,2050,774,386,99.4845,0
"27,28,26",Penis; Prostate; Testis,729,Sudan,0,1,757,2022,757,0,0,0
"27,28,26",Penis; Prostate; Testis,729,Sudan,0,1,757,2025,742,-15,-1.9815,0
"27,28,26",Penis; Prostate; Testis,729,Sudan,0,1,757,2030,906,149,19.683,0
"27,28,26",Penis; Prostate; Testis,729,Sudan,0,1,757,2035,1052,295,38.9696,0
"27,28,26",Penis; Prostate; Testis,729,Sudan,0,1,757,2040,1218,461,60.8983,0
"27,28,26",Penis; Prostate; Testis,729,Sudan,0,1,757,2045,1461,704,92.9987,0
"27,28,26",Penis; Prostate; Testis,729,Sudan,0,1,757,2050,1826,1069,141.2153,0
"27,28,26",Penis; Prostate; Testis,748,Eswatini,0,1,67,2022,67,0,0,0
"27,28,26",Penis; Prostate; Testis,748,Eswatini,0,1,67,2025,75,8,11.9403,0
"27,28,26",Penis; Prostate; Testis,748,Eswatini,0,1,67,2030,90,23,34.3284,0
"27,28,26",Penis; Prostate; Testis,748,Eswatini,0,1,67,2035,107,40,59.7015,0
"27,28,26",Penis; Prostate; Testis,748,Eswatini,0,1,67,2040,124,57,85.0746,0
"27,28,26",Penis; Prostate; Testis,748,Eswatini,0,1,67,2045,146,79,117.9104,0
"27,28,26",Penis; Prostate; Testis,748,Eswatini,0,1,67,2050,175,108,161.194,0
"27,28,26",Penis; Prostate; Testis,768,Togo,0,1,300,2022,300,0,0,0
"27,28,26",Penis; Prostate; Testis,768,Togo,0,1,300,2025,367,67,22.3333,0
"27,28,26",Penis; Prostate; Testis,768,Togo,0,1,300,2030,441,141,47,0
"27,28,26",Penis; Prostate; Testis,768,Togo,0,1,300,2035,535,235,78.3333,0
"27,28,26",Penis; Prostate; Testis,768,Togo,0,1,300,2040,646,346,115.3333,0
"27,28,26",Penis; Prostate; Testis,768,Togo,0,1,300,2045,777,477,159,0
"27,28,26",Penis; Prostate; Testis,768,Togo,0,1,300,2050,923,623,207.6667,0
"27,28,26",Penis; Prostate; Testis,788,Tunisia,0,1,593,2022,593,0,0,0
"27,28,26",Penis; Prostate; Testis,788,Tunisia,0,1,593,2025,646,53,8.9376,0
"27,28,26",Penis; Prostate; Testis,788,Tunisia,0,1,593,2030,813,220,37.0995,0
"27,28,26",Penis; Prostate; Testis,788,Tunisia,0,1,593,2035,1037,444,74.8735,0
"27,28,26",Penis; Prostate; Testis,788,Tunisia,0,1,593,2040,1293,700,118.0438,0
"27,28,26",Penis; Prostate; Testis,788,Tunisia,0,1,593,2045,1551,958,161.5514,0
"27,28,26",Penis; Prostate; Testis,788,Tunisia,0,1,593,2050,1805,1212,204.3845,0
"27,28,26",Penis; Prostate; Testis,800,Uganda,0,1,1726,2022,1726,0,0,0
"27,28,26",Penis; Prostate; Testis,800,Uganda,0,1,1726,2025,1623,-103,-5.9676,0
"27,28,26",Penis; Prostate; Testis,800,Uganda,0,1,1726,2030,2048,322,18.6559,0
"27,28,26",Penis; Prostate; Testis,800,Uganda,0,1,1726,2035,2588,862,49.9421,0
"27,28,26",Penis; Prostate; Testis,800,Uganda,0,1,1726,2040,3250,1524,88.2966,0
"27,28,26",Penis; Prostate; Testis,800,Uganda,0,1,1726,2045,4078,2352,136.2688,0
"27,28,26",Penis; Prostate; Testis,800,Uganda,0,1,1726,2050,5157,3431,198.7833,0
"27,28,26",Penis; Prostate; Testis,818,Egypt,0,1,2161,2022,2161,0,0,0
"27,28,26",Penis; Prostate; Testis,818,Egypt,0,1,2161,2025,1774,-387,-17.9084,0
"27,28,26",Penis; Prostate; Testis,818,Egypt,0,1,2161,2030,2277,116,5.3679,0
"27,28,26",Penis; Prostate; Testis,818,Egypt,0,1,2161,2035,2936,775,35.863,0
"27,28,26",Penis; Prostate; Testis,818,Egypt,0,1,2161,2040,3744,1583,73.2531,0
"27,28,26",Penis; Prostate; Testis,818,Egypt,0,1,2161,2045,4726,2565,118.695,0
"27,28,26",Penis; Prostate; Testis,818,Egypt,0,1,2161,2050,5902,3741,173.1143,0
"27,28,26",Penis; Prostate; Testis,834,"Tanzania, United Republic of",0,1,2885,2022,2885,0,0,0
"27,28,26",Penis; Prostate; Testis,834,"Tanzania, United Republic of",0,1,2885,2025,3969,1084,37.5737,0
"27,28,26",Penis; Prostate; Testis,834,"Tanzania, United Republic of",0,1,2885,2030,4710,1825,63.2582,0
"27,28,26",Penis; Prostate; Testis,834,"Tanzania, United Republic of",0,1,2885,2035,5655,2770,96.0139,0
"27,28,26",Penis; Prostate; Testis,834,"Tanzania, United Republic of",0,1,2885,2040,6965,4080,141.4211,0
"27,28,26",Penis; Prostate; Testis,834,"Tanzania, United Republic of",0,1,2885,2045,8716,5831,202.1144,0
"27,28,26",Penis; Prostate; Testis,834,"Tanzania, United Republic of",0,1,2885,2050,10859,7974,276.3951,0
"27,28,26",Penis; Prostate; Testis,854,Burkina Faso,0,1,794,2022,794,0,0,0
"27,28,26",Penis; Prostate; Testis,854,Burkina Faso,0,1,794,2025,911,117,14.7355,0
"27,28,26",Penis; Prostate; Testis,854,Burkina Faso,0,1,794,2030,1103,309,38.9169,0
"27,28,26",Penis; Prostate; Testis,854,Burkina Faso,0,1,794,2035,1369,575,72.4181,0
"27,28,26",Penis; Prostate; Testis,854,Burkina Faso,0,1,794,2040,1701,907,114.2317,0
"27,28,26",Penis; Prostate; Testis,854,Burkina Faso,0,1,794,2045,2112,1318,165.995,0
"27,28,26",Penis; Prostate; Testis,854,Burkina Faso,0,1,794,2050,2645,1851,233.1234,0
"27,28,26",Penis; Prostate; Testis,894,Zambia,0,1,933,2022,933,0,0,0
"27,28,26",Penis; Prostate; Testis,894,Zambia,0,1,933,2025,877,-56,-6.0021,0
"27,28,26",Penis; Prostate; Testis,894,Zambia,0,1,933,2030,1177,244,26.1522,0
"27,28,26",Penis; Prostate; Testis,894,Zambia,0,1,933,2035,1601,668,71.597,0
"27,28,26",Penis; Prostate; Testis,894,Zambia,0,1,933,2040,2174,1241,133.0118,0
"27,28,26",Penis; Prostate; Testis,894,Zambia,0,1,933,2045,2902,1969,211.0397,0
"27,28,26",Penis; Prostate; Testis,894,Zambia,0,1,933,2050,3775,2842,304.6088,0